[{"id":1,"title":"Mercedes-Benz","photo":"http://dummyimage.com/250x250.png/dddddd/000000","price":"1.31"},
{"id":2,"title":"Buick","photo":"http://dummyimage.com/250x250.png/dddddd/000000","price":"1.39"},
{"id":3,"title":"Dodge","photo":"http://dummyimage.com/250x250.png/5fa2dd/ffffff","price":"8.83"},
{"id":4,"title":"Audi","photo":"http://dummyimage.com/250x250.png/dddddd/000000","price":"3.49"},
{"id":5,"title":"Mazda","photo":"http://dummyimage.com/250x250.png/5fa2dd/ffffff","price":"4.81"},
{"id":6,"title":"Chrysler","photo":"http://dummyimage.com/250x250.png/5fa2dd/ffffff","price":"4.54"},
{"id":7,"title":"Subaru","photo":"http://dummyimage.com/250x250.png/cc0000/ffffff","price":"4.42"},
{"id":8,"title":"Mercury","photo":"http://dummyimage.com/250x250.png/ff4444/ffffff","price":"4.31"},
{"id":9,"title":"Mercedes-Benz","photo":"http://dummyimage.com/250x250.png/5fa2dd/ffffff","price":"4.16"},
{"id":10,"title":"Oldsmobile","photo":"http://dummyimage.com/250x250.png/5fa2dd/ffffff","price":"3.42"},
{"id":11,"title":"Ford","photo":"http://dummyimage.com/250x250.png/cc0000/ffffff","price":"9.92"},
{"id":12,"title":"Lexus","photo":"http://dummyimage.com/250x250.png/dddddd/000000","price":"0.70"},
{"id":13,"title":"Geo","photo":"http://dummyimage.com/250x250.png/ff4444/ffffff","price":"4.38"},
{"id":14,"title":"Mercedes-Benz","photo":"http://dummyimage.com/250x250.png/dddddd/000000","price":"8.22"},
{"id":15,"title":"Toyota","photo":"http://dummyimage.com/250x250.png/dddddd/000000","price":"7.51"},
{"id":16,"title":"Hyundai","photo":"http://dummyimage.com/250x250.png/dddddd/000000","price":"8.65"},
{"id":17,"title":"Suzuki","photo":"http://dummyimage.com/250x250.png/ff4444/ffffff","price":"6.53"},
{"id":18,"title":"GMC","photo":"http://dummyimage.com/250x250.png/ff4444/ffffff","price":"1.91"},
{"id":19,"title":"Saab","photo":"http://dummyimage.com/250x250.png/cc0000/ffffff","price":"0.97"},
{"id":20,"title":"Porsche","photo":"http://dummyimage.com/250x250.png/5fa2dd/ffffff","price":"5.69"},
{"id":21,"title":"Lamborghini","photo":"http://dummyimage.com/250x250.png/cc0000/ffffff","price":"5.21"},
{"id":22,"title":"Nissan","photo":"http://dummyimage.com/250x250.png/dddddd/000000","price":"2.13"},
{"id":23,"title":"Cadillac","photo":"http://dummyimage.com/250x250.png/5fa2dd/ffffff","price":"0.79"},
{"id":24,"title":"Toyota","photo":"http://dummyimage.com/250x250.png/cc0000/ffffff","price":"9.26"},
{"id":25,"title":"Toyota","photo":"http://dummyimage.com/250x250.png/ff4444/ffffff","price":"4.52"},
{"id":26,"title":"Isuzu","photo":"http://dummyimage.com/250x250.png/cc0000/ffffff","price":"9.23"},
{"id":27,"title":"Hummer","photo":"http://dummyimage.com/250x250.png/dddddd/000000","price":"0.32"},
{"id":28,"title":"Pontiac","photo":"http://dummyimage.com/250x250.png/5fa2dd/ffffff","price":"6.42"},
{"id":29,"title":"Audi","photo":"http://dummyimage.com/250x250.png/5fa2dd/ffffff","price":"1.64"},
{"id":30,"title":"Isuzu","photo":"http://dummyimage.com/250x250.png/5fa2dd/ffffff","price":"1.77"},
{"id":31,"title":"Lexus","photo":"http://dummyimage.com/250x250.png/dddddd/000000","price":"8.71"},
{"id":32,"title":"Toyota","photo":"http://dummyimage.com/250x250.png/dddddd/000000","price":"8.88"},
{"id":33,"title":"Buick","photo":"http://dummyimage.com/250x250.png/5fa2dd/ffffff","price":"1.24"},
{"id":34,"title":"Dodge","photo":"http://dummyimage.com/250x250.png/ff4444/ffffff","price":"2.50"},
{"id":35,"title":"Audi","photo":"http://dummyimage.com/250x250.png/cc0000/ffffff","price":"8.67"},
{"id":36,"title":"Mercury","photo":"http://dummyimage.com/250x250.png/5fa2dd/ffffff","price":"8.79"},
{"id":37,"title":"Mazda","photo":"http://dummyimage.com/250x250.png/dddddd/000000","price":"9.29"},
{"id":38,"title":"Chrysler","photo":"http://dummyimage.com/250x250.png/dddddd/000000","price":"1.36"},
{"id":39,"title":"Ford","photo":"http://dummyimage.com/250x250.png/cc0000/ffffff","price":"1.13"},
{"id":40,"title":"Mazda","photo":"http://dummyimage.com/250x250.png/dddddd/000000","price":"7.28"},
{"id":41,"title":"Hyundai","photo":"http://dummyimage.com/250x250.png/dddddd/000000","price":"8.53"},
{"id":42,"title":"Ford","photo":"http://dummyimage.com/250x250.png/dddddd/000000","price":"3.77"},
{"id":43,"title":"Mercedes-Benz","photo":"http://dummyimage.com/250x250.png/ff4444/ffffff","price":"5.93"},
{"id":44,"title":"Subaru","photo":"http://dummyimage.com/250x250.png/dddddd/000000","price":"8.82"},
{"id":45,"title":"Chevrolet","photo":"http://dummyimage.com/250x250.png/ff4444/ffffff","price":"6.20"},
{"id":46,"title":"Volvo","photo":"http://dummyimage.com/250x250.png/5fa2dd/ffffff","price":"6.47"},
{"id":47,"title":"Volkswagen","photo":"http://dummyimage.com/250x250.png/ff4444/ffffff","price":"6.96"},
{"id":48,"title":"BMW","photo":"http://dummyimage.com/250x250.png/dddddd/000000","price":"9.94"},
{"id":49,"title":"Dodge","photo":"http://dummyimage.com/250x250.png/5fa2dd/ffffff","price":"7.77"},
{"id":50,"title":"GMC","photo":"http://dummyimage.com/250x250.png/dddddd/000000","price":"2.54"},
{"id":51,"title":"Audi","photo":"http://dummyimage.com/250x250.png/cc0000/ffffff","price":"7.04"},
{"id":52,"title":"Aston Martin","photo":"http://dummyimage.com/250x250.png/5fa2dd/ffffff","price":"5.69"},
{"id":53,"title":"GMC","photo":"http://dummyimage.com/250x250.png/dddddd/000000","price":"3.74"},
{"id":54,"title":"Suzuki","photo":"http://dummyimage.com/250x250.png/5fa2dd/ffffff","price":"7.76"},
{"id":55,"title":"Chevrolet","photo":"http://dummyimage.com/250x250.png/dddddd/000000","price":"0.62"},
{"id":56,"title":"Chrysler","photo":"http://dummyimage.com/250x250.png/ff4444/ffffff","price":"8.47"},
{"id":57,"title":"Audi","photo":"http://dummyimage.com/250x250.png/dddddd/000000","price":"6.49"},
{"id":58,"title":"Mercedes-Benz","photo":"http://dummyimage.com/250x250.png/cc0000/ffffff","price":"5.12"},
{"id":59,"title":"Nissan","photo":"http://dummyimage.com/250x250.png/dddddd/000000","price":"5.05"},
{"id":60,"title":"Nissan","photo":"http://dummyimage.com/250x250.png/ff4444/ffffff","price":"7.05"},
{"id":61,"title":"Volkswagen","photo":"http://dummyimage.com/250x250.png/5fa2dd/ffffff","price":"8.44"},
{"id":62,"title":"Saturn","photo":"http://dummyimage.com/250x250.png/5fa2dd/ffffff","price":"0.05"},
{"id":63,"title":"GMC","photo":"http://dummyimage.com/250x250.png/dddddd/000000","price":"8.47"},
{"id":64,"title":"Mazda","photo":"http://dummyimage.com/250x250.png/dddddd/000000","price":"8.12"},
{"id":65,"title":"Porsche","photo":"http://dummyimage.com/250x250.png/cc0000/ffffff","price":"9.13"},
{"id":66,"title":"Chevrolet","photo":"http://dummyimage.com/250x250.png/ff4444/ffffff","price":"6.31"},
{"id":67,"title":"Mitsubishi","photo":"http://dummyimage.com/250x250.png/ff4444/ffffff","price":"8.91"},
{"id":68,"title":"Volkswagen","photo":"http://dummyimage.com/250x250.png/cc0000/ffffff","price":"7.02"},
{"id":69,"title":"Mercedes-Benz","photo":"http://dummyimage.com/250x250.png/dddddd/000000","price":"0.24"},
{"id":70,"title":"Ford","photo":"http://dummyimage.com/250x250.png/cc0000/ffffff","price":"5.15"},
{"id":71,"title":"Toyota","photo":"http://dummyimage.com/250x250.png/5fa2dd/ffffff","price":"9.56"},
{"id":72,"title":"Chrysler","photo":"http://dummyimage.com/250x250.png/dddddd/000000","price":"4.26"},
{"id":73,"title":"Mitsubishi","photo":"http://dummyimage.com/250x250.png/dddddd/000000","price":"7.39"},
{"id":74,"title":"Ford","photo":"http://dummyimage.com/250x250.png/ff4444/ffffff","price":"8.60"},
{"id":75,"title":"Ford","photo":"http://dummyimage.com/250x250.png/ff4444/ffffff","price":"4.31"},
{"id":76,"title":"Suzuki","photo":"http://dummyimage.com/250x250.png/cc0000/ffffff","price":"8.53"},
{"id":77,"title":"Mitsubishi","photo":"http://dummyimage.com/250x250.png/ff4444/ffffff","price":"5.23"},
{"id":78,"title":"Pontiac","photo":"http://dummyimage.com/250x250.png/5fa2dd/ffffff","price":"4.42"},
{"id":79,"title":"Jaguar","photo":"http://dummyimage.com/250x250.png/cc0000/ffffff","price":"8.30"},
{"id":80,"title":"Dodge","photo":"http://dummyimage.com/250x250.png/dddddd/000000","price":"5.68"},
{"id":81,"title":"Nissan","photo":"http://dummyimage.com/250x250.png/cc0000/ffffff","price":"5.48"},
{"id":82,"title":"Volkswagen","photo":"http://dummyimage.com/250x250.png/ff4444/ffffff","price":"5.54"},
{"id":83,"title":"Lincoln","photo":"http://dummyimage.com/250x250.png/cc0000/ffffff","price":"8.82"},
{"id":84,"title":"Hyundai","photo":"http://dummyimage.com/250x250.png/dddddd/000000","price":"9.36"},
{"id":85,"title":"Mitsubishi","photo":"http://dummyimage.com/250x250.png/5fa2dd/ffffff","price":"1.76"},
{"id":86,"title":"Honda","photo":"http://dummyimage.com/250x250.png/dddddd/000000","price":"8.73"},
{"id":87,"title":"Lincoln","photo":"http://dummyimage.com/250x250.png/5fa2dd/ffffff","price":"3.96"},
{"id":88,"title":"Dodge","photo":"http://dummyimage.com/250x250.png/dddddd/000000","price":"4.88"},
{"id":89,"title":"Pontiac","photo":"http://dummyimage.com/250x250.png/dddddd/000000","price":"5.89"},
{"id":90,"title":"Mercedes-Benz","photo":"http://dummyimage.com/250x250.png/cc0000/ffffff","price":"7.20"},
{"id":91,"title":"Mercedes-Benz","photo":"http://dummyimage.com/250x250.png/dddddd/000000","price":"3.93"},
{"id":92,"title":"Audi","photo":"http://dummyimage.com/250x250.png/cc0000/ffffff","price":"0.70"},
{"id":93,"title":"Saturn","photo":"http://dummyimage.com/250x250.png/5fa2dd/ffffff","price":"5.47"},
{"id":94,"title":"Chevrolet","photo":"http://dummyimage.com/250x250.png/dddddd/000000","price":"5.83"},
{"id":95,"title":"Lexus","photo":"http://dummyimage.com/250x250.png/ff4444/ffffff","price":"9.86"},
{"id":96,"title":"Jeep","photo":"http://dummyimage.com/250x250.png/cc0000/ffffff","price":"3.68"},
{"id":97,"title":"BMW","photo":"http://dummyimage.com/250x250.png/5fa2dd/ffffff","price":"7.32"},
{"id":98,"title":"Lincoln","photo":"http://dummyimage.com/250x250.png/cc0000/ffffff","price":"9.72"},
{"id":99,"title":"Toyota","photo":"http://dummyimage.com/250x250.png/dddddd/000000","price":"4.70"},
{"id":100,"title":"Ford","photo":"http://dummyimage.com/250x250.png/ff4444/ffffff","price":"5.84"}]
